time,open,high,low,close,MA,Volume,Volume MA
2024-01-04,2041.29,2051.015,2036.3,2043.435,2035.9152500000007,130668,151179.3
2024-01-05,2043.435,2064.035,2024.525,2045.625,2036.9227500000009,176517,152380.2
2024-01-08,2045.625,2046.685,2016.82,2028.035,2036.898750000001,151015,151448.55
2024-01-09,2028.035,2042.035,2026.185,2030.02,2038.1777500000012,141030,148493.1
2024-01-10,2030.02,2040.3,2020.525,2024.32,2040.3017500000012,128137,147243.05
2024-01-11,2024.32,2045.17,2013.39,2029.015,2042.7807500000013,192985,149907.65
2024-01-12,2029.015,2062.31,2029.01,2049.155,2043.8597500000014,175463,151101.7
2024-01-15,2049.155,2058.67,2045.835,2054.765,2044.7847500000014,87639,144047.35
2024-01-16,2054.765,2055.615,2024.33,2028.505,2045.2330000000013,189760,145010.3
2024-01-17,2028.505,2032.98,2001.895,2006.335,2044.1877500000014,179800,147968.55
2024-01-18,2006.335,2023.395,2005.835,2023.02,2043.3265000000015,143058,148866.05
2024-01-19,2023.02,2039.415,2020.475,2029.62,2043.2185000000015,133853,148903.35
2024-01-22,2029.62,2032.175,2016.605,2021.66,2042.0055000000016,139263,148331.75
2024-01-23,2021.66,2037.975,2019.675,2029.155,2040.8032500000013,137669,146145.15
2024-01-24,2029.155,2036.735,2011.275,2014.235,2038.1295000000014,159915,150418.55
2024-01-25,2014.235,2025.32,2009.445,2020.94,2035.3205000000012,158304,152748.1
2024-01-26,2020.94,2026.9,2015.995,2018.59,2032.9867500000014,108939,150302.7
2024-01-29,2018.59,2037.61,2018.59,2032.53,2031.4647500000015,106752,147965.65
2024-01-30,2032.53,2048.63,2029.1,2036.83,2030.3540000000016,126990,146935.4
2024-01-31,2036.83,2056.07,2030.94,2039.155,2030.2472500000015,169978,146886.75
2024-02-01,2039.155,2065.53,2030.07,2054.825,2030.8167500000018,182127,149459.7
2024-02-02,2054.825,2057.705,2027.87,2039.75,2030.5230000000015,152844,148276.05
2024-02-05,2039.75,2042.315,2014.96,2024.89,2030.3657500000013,147970,148123.8
2024-02-06,2024.89,2038.945,2022.975,2035.885,2030.6590000000015,122017,147173.15
2024-02-07,2035.885,2044.655,2030.645,2035,2031.1930000000016,111640,146348.3
2024-02-08,2035,2038.785,2020.25,2034.21,2031.4527500000017,118816,142639.85
2024-02-09,2034.21,2037.25,2020.35,2024.36,2030.213000000002,114125,139572.95
2024-02-12,2024.36,2027.665,2011.945,2020.01,2028.475250000002,95774,139979.7
2024-02-13,2020.01,2031.588,1990.155,1993.09,2026.7045000000016,109390,135961.2
2024-02-14,1993.09,1996.155,1984.305,1992.365,2026.006000000002,111101,132526.25
2024-02-15,1992.365,2008.34,1990.325,2004.4,2025.0750000000019,109685,130857.6
2024-02-16,2004.4,2015.23,1995.16,2013.23,2024.2555000000018,106807,129505.3
2024-02-19,2013.23,2023.07,2000.355,2017.945,2024.0697500000017,67228,125903.55
2024-02-20,2017.945,2030.92,2015.12,2024.415,2023.8327500000019,104705,124255.35
2024-02-21,2024.415,2032.33,2020.095,2026.04,2024.4230000000018,101282,121323.7
2024-02-22,2026.04,2034.945,2019.715,2024.355,2024.5937500000018,112713,119044.15
2024-02-23,2024.355,2041.41,2016.125,2035.375,2025.4330000000016,113119,119253.15
2024-02-26,2035.375,2037.13,2025.115,2031.25,2025.3690000000017,101354,118983.25
2024-02-27,2031.25,2039.51,2028.855,2030.445,2025.0497500000013,100546,117661.05
2024-02-28,2030.445,2037.95,2024.555,2034.46,2024.8150000000012,102208,114272.55
2024-02-29,2034.46,2050.745,2028.165,2044.29,2024.288250000001,120182,111175.3
2024-03-01,2044.29,2088.38,2039.11,2082.73,2026.4372500000013,140480,110557.1
2024-03-04,2082.73,2119.975,2079.53,2114.365,2030.9110000000012,145983,110457.75
2024-03-05,2114.365,2141.88,2110.53,2128.045,2035.519000000001,163751,112544.45
2024-03-06,2128.045,2152.25,2123.765,2148.15,2041.1765000000007,155605,114742.7
2024-03-07,2148.15,2164.8,2144.255,2160.115,2047.471750000001,157706,116687.2
2024-03-08,2160.115,2195.235,2154.06,2179.105,2055.209000000001,164938,119227.85
2024-03-11,2179.105,2189.125,2174.86,2182.73,2063.3450000000007,127654,120821.85
2024-03-12,2182.73,2184.815,2150.66,2158.46,2071.613500000001,149448,122824.75
2024-03-13,2158.46,2179.92,2155.855,2174.385,2080.714500000001,132689,123904.15
2024-03-14,2174.385,2177.045,2152.845,2162.13,2088.601000000001,139223,125381.05
2024-03-15,2162.13,2172.81,2155.25,2156.01,2095.7400000000007,115977,125839.55
2024-03-18,2156.01,2163.63,2146.155,2160.32,2102.858750000001,114731,128214.7
2024-03-19,2160.32,2162.905,2147.205,2157.575,2109.516750000001,113432,128651.05
2024-03-20,2157.575,2188.905,2149.66,2186.37,2117.5332500000013,130330,130103.45
2024-03-21,2186.37,2222.915,2166.445,2181.36,2125.383500000001,202409,134588.25
2024-03-22,2181.36,2186.13,2157.13,2165.31,2131.880250000001,155481,136706.35
2024-03-25,2165.31,2181.41,2163.615,2171.805,2138.908000000001,124325,137854.9
2024-03-26,2171.805,2200.175,2167.625,2178.74,2146.3227500000007,146164,140135.8
2024-03-27,2178.74,2197.675,2173.485,2194.86,2154.3427500000007,116977,140874.25
2024-03-28,2194.86,2236.33,2187.41,2233.12,2163.7842500000006,162920,143011.15
2024-04-01,2233.12,2265.775,2228.54,2251.67,2172.2312500000007,164241,144199.2
2024-04-02,2251.67,2281.155,2246.715,2280.815,2180.5537500000005,190222,146411.15
2024-04-03,2280.815,2301.27,2265.505,2299.93,2189.1480000000006,209044,148675.8
2024-04-04,2299.93,2305.65,2279.725,2291.21,2196.3010000000004,171532,149472.15
2024-04-05,2291.21,2330.525,2267.78,2330.16,2204.803250000001,224815,152827.6
2024-04-08,2330.16,2354.155,2302.975,2339.15,2212.805500000001,257694,157465.4
2024-04-09,2339.15,2365.395,2337.27,2352.41,2221.2895000000008,227807,162473.05
2024-04-10,2352.41,2360.15,2319.395,2333.865,2230.059750000001,235448,166773.05
2024-04-11,2333.865,2377.755,2325.74,2372.285,2239.954750000001,217097,170993.45
2024-04-12,2372.285,2431.59,2333.88,2344.235,2249.060000000001,326788,180371.7
2024-04-15,2344.235,2387.645,2324.255,2383.51,2260.435000000001,289786,189062.15
2024-04-16,2383.51,2398.38,2363.06,2383.13,2271.575500000001,314342,199042.7
2024-04-17,2383.13,2395.64,2354.73,2361.095,2281.7515000000008,256356,206188.9
2024-04-18,2361.095,2392.86,2361.095,2379.05,2291.385500000001,236137,211479.25
2024-04-19,2379.05,2417.92,2372.91,2392.07,2301.921000000001,322721,217494.85
2024-04-22,2392.07,2392.07,2324.67,2327.24,2310.017500000001,252886,222365.1
2024-04-23,2327.24,2334.51,2291.465,2322.13,2317.5337500000014,311812,231739.45
2024-04-24,2322.13,2337.385,2311.815,2315.95,2324.394250000001,244443,236653.4
2024-04-25,2315.95,2344.93,2305.025,2332.49,2331.275750000001,245821,243095.6
2024-04-26,2332.49,2352.64,2326.365,2338.05,2336.522250000001,210509,245475.05
2024-04-29,2338.05,2346.83,2319.84,2335.55,2340.7162500000013,214642,247995.1
2024-04-30,2335.55,2336.41,2285.22,2286.21,2340.9860000000012,189148,247941.4
2024-05-01,2286.21,2328.43,2281.68,2319.56,2341.9675000000016,219369,248457.65
2024-05-02,2319.56,2326.515,2285.545,2303.8,2342.597000000001,222880,251025.05
2024-05-03,2303.8,2320.705,2277.345,2301.81,2341.179500000001,211036,250336.1
2024-05-06,2301.81,2332.225,2291.85,2323.995,2340.421750000001,195677,247235.25
2024-05-07,2323.995,2329.98,2310.04,2314.135,2338.508000000001,185138,245101.8
2024-05-08,2314.135,2321.53,2303.745,2308.69,2337.249250000001,144285,240543.65
2024-05-09,2308.69,2347.25,2306.655,2346.245,2335.947250000001,193325,239355.05
2024-05-10,2346.245,2378.56,2345.325,2360.515,2336.761250000001,208503,233440.8
2024-05-13,2360.515,2364.555,2332.11,2336.14,2334.3927500000013,162094,227056.2
2024-05-14,2336.14,2359.705,2334.89,2357.98,2333.135250000001,166194,219648.8
2024-05-15,2357.98,2390.315,2351.915,2386.13,2334.387000000001,205493,217105.65
2024-05-16,2386.13,2397.515,2371.01,2376.955,2334.282250000001,192066,214902.1
2024-05-17,2376.955,2422.79,2374.02,2414.715,2335.4145000000017,176052,207568.65
2024-05-20,2414.715,2450.125,2407.34,2426.53,2340.3790000000013,268285,208338.6
2024-05-21,2426.53,2433.995,2406.16,2421.025,2345.323750000001,230456,204270.8
2024-05-22,2421.025,2426.615,2374.995,2379.175,2348.485000000001,237569,203927.1
2024-05-23,2379.175,2383.785,2327.02,2328.675,2348.2942500000013,276873,205479.7
2024-05-24,2328.675,2347.54,2325.465,2334,2348.0917500000014,166580,203283.25
2024-05-27,2334,2358.565,2332.285,2351.375,2348.883000000001,126705,198886.4
2024-05-28,2351.375,2364.175,2340.31,2361.385,2352.641750000001,189280,198893
2024-05-29,2361.385,2361.615,2334.54,2338.145,2353.5710000000013,161527,196000.9
2024-05-30,2338.145,2351.905,2322.66,2343.34,2355.5480000000016,205118,195112.8
2024-05-31,2343.34,2359.725,2320.595,2327.2,2356.8175000000015,203391,194730.55
2024-06-03,2327.2,2354.77,2314.795,2350.635,2358.1495000000014,226649,196279.15
2024-06-04,2350.635,2352.885,2315.675,2327.01,2358.7932500000015,231071,198575.8
2024-06-05,2327.01,2357.425,2325.965,2355.28,2361.1227500000014,190215,200872.3
2024-06-06,2355.28,2378.6,2353.5,2376.09,2362.615000000001,209308,201671.45
2024-06-07,2376.09,2387.785,2286.83,2294.015,2359.2900000000013,275497,205021.15
2024-06-10,2294.015,2313.865,2287.805,2310.995,2358.032750000001,150319,204432.4
2024-06-11,2310.995,2320,2297.8,2316.905,2355.9790000000016,182302,205237.8
2024-06-12,2316.905,2341.7,2310.75,2325.03,2352.924000000002,253456,207635.95
2024-06-13,2325.03,2326.795,2295.59,2304.135,2349.2830000000017,232552,209660.25
2024-06-14,2304.135,2336.725,2301.605,2332.645,2345.179500000001,198693,210792.3
2024-06-17,2332.645,2332.645,2310.02,2319.285,2339.817250000001,167115,205733.8
2024-06-18,2320.295,2333.165,2306.65,2329.58,2335.2450000000017,169498,202685.9
2024-06-19,2329.005,2335.03,2323.78,2328.23,2332.6977500000016,88930,195253.95
2024-06-20,2330.075,2365.59,2327.765,2360.145,2334.2712500000016,175641,190192.35
2024-06-21,2359.665,2368.765,2316.785,2321.875,2333.665000000002,180701,190898.4
2024-06-24,2321.03,2334.73,2317.775,2334.43,2332.8177500000015,163356,192730.95
2024-06-25,2333.945,2337.16,2315.59,2319.595,2330.7282500000015,169421,191738
2024-06-26,2320.13,2324.015,2293.69,2298.47,2328.7445000000016,187602,193041.75
2024-06-27,2298.84,2331.015,2296.61,2327.81,2327.9680000000017,170158,191293.75
2024-06-28,2327.105,2339.785,2319.105,2326.72,2327.9440000000022,176721,189960.25
2024-07-01,2323.32,2338.545,2318.605,2331.855,2327.005000000002,164745,186865.05
2024-07-02,2331.875,2336.89,2319.13,2329.485,2327.128750000002,156837,183153.35
2024-07-03,2330.335,2364.995,2326.885,2356.16,2327.172750000002,167602,182022.7
2024-07-04,2356.955,2362.6,2350.51,2357.2,2326.228250000002,89609,176037.75
2024-07-05,2357.03,2392.965,2348.62,2391.62,2331.108500000002,195599,172042.85
2024-07-08,2389.41,2391.13,2351.09,2359.26,2333.521750000002,187976,173925.7
2024-07-09,2359.125,2371.625,2349.485,2364.03,2335.878000000002,181350,173878.1
2024-07-10,2363.9,2386.73,2363.15,2371.32,2338.192500000002,168686,169639.6
2024-07-11,2371.93,2424.6,2371.34,2415.375,2343.754500000002,237015,169862.75
2024-07-12,2413.075,2418.31,2391.52,2410.92,2347.668250000002,210057,170430.95
2024-07-15,2411.81,2439.855,2401.405,2422.395,2352.8237500000023,213404,172745.4
2024-07-16,2422.08,2469.765,2420.08,2468.93,2359.7912500000025,213594,174950.2
2024-07-17,2467.82,2483.74,2451.57,2458.81,2366.320250000002,262838,183645.6
2024-07-18,2458.755,2475,2440.415,2445.31,2370.5785000000024,220149,185871
2024-07-19,2444.495,2445.34,2393.88,2400.82,2374.525750000002,234446,188558.25
2024-07-22,2403.82,2412.255,2383.93,2396.42,2377.6252500000023,208530,190816.95
2024-07-23,2397.595,2412.075,2388.31,2409.65,2382.1280000000024,210649,192878.35
2024-07-24,2408.785,2432.065,2396.86,2397.395,2387.0742500000024,223357,194666.1
2024-07-25,2397.855,2401.31,2353.195,2364.3,2388.8987500000026,306369,201476.65
2024-07-26,2364.505,2390.84,2355.875,2387.02,2391.9137500000024,218330,203557.1
2024-07-29,2388.395,2403.265,2369.65,2383.79,2394.5105000000026,208280,205733.85
2024-07-30,2382.525,2412.935,2376.535,2410.88,2398.5802500000027,212759,208529.95
2024-07-31,2410.74,2451.005,2403.94,2447.57,2403.1507500000025,263139,213306.8
2024-08-01,2447.77,2462.325,2430.275,2446.385,2407.6100000000024,308308,224241.75
2024-08-02,2447.24,2477.725,2410.885,2442.495,2410.153750000002,361891,232556.35
2024-08-05,2441.94,2458.875,2364.39,2409.89,2412.6852500000023,475567,246935.9
2024-08-06,2411.395,2418.43,2381.56,2390.13,2413.9902500000026,340393,254888.05
2024-08-07,2390.195,2407.125,2379.05,2382.91,2414.5697500000024,290786,260993.05
2024-08-08,2381.475,2427.755,2381.14,2427.27,2415.1645000000026,265056,262395.1
2024-08-09,2427.22,2437.085,2416.925,2431.265,2416.1817500000025,223088,263046.65
2024-08-12,2428.135,2473.225,2423.89,2472.12,2418.6680000000024,180141,261383.5
2024-08-13,2470.39,2476.99,2458.56,2465.055,2418.4742500000025,205142,260960.9
2024-08-14,2466.365,2480.125,2438.145,2447.95,2417.9312500000024,224080,259023
2024-08-15,2448.2,2470.155,2432.225,2456.545,2418.4930000000027,226169,259324
2024-08-16,2456.105,2509.82,2450.805,2508.14,2423.8590000000027,223838,258793.6
2024-08-19,2506.525,2507.535,2485.735,2504.285,2429.2522500000023,220264,259380.3
2024-08-20,2503.74,2531.765,2497.4,2514.11,2434.4752500000022,229278,260311.75
2024-08-21,2513.86,2519.985,2493.83,2512.25,2440.2180000000026,213088,259798.3
2024-08-22,2512.22,2514.73,2470.85,2484.72,2446.2390000000023,222479,255603.8
2024-08-23,2485.335,2518.4,2484.41,2512.49,2452.512500000002,230098,256192.2
2024-08-26,2512.035,2526.9,2508.81,2517.955,2459.220750000002,198137,255685.05
2024-08-27,2517.73,2526.01,2503.585,2524.825,2464.9180000000024,201379,255116.05
2024-08-28,2525.26,2529.135,2493.665,2504.67,2467.7730000000024,205552,252236.7
2024-08-29,2506.21,2528.74,2503.69,2521.215,2471.5145000000025,219815,247812.05
2024-08-30,2520.805,2526.925,2494.215,2503.4,2474.5597500000026,223097,240872.35
2024-09-02,2502.84,2507.33,2490.105,2499.42,2479.0362500000024,127916,223489.8
2024-09-03,2499.55,2506.35,2473.325,2492.95,2484.1772500000025,241125,218526.4
2024-09-04,2492.62,2500.345,2471.915,2495.545,2489.8090000000025,209334,214453.8
2024-09-05,2495.32,2523.525,2493.88,2516.815,2494.2862500000024,217513,212076.65
2024-09-06,2516.46,2529.3,2485.19,2497.565,2497.6012500000024,264809,214162.7
2024-09-09,2496.79,2507.265,2485.61,2506.395,2499.3150000000023,222295,216270.4
2024-09-10,2506.73,2518.535,2500.19,2516.735,2501.899000000002,207602,216393.4
2024-09-11,2516.55,2529.09,2501,2511.675,2505.0852500000024,270422,218710.5
2024-09-12,2512.945,2560.13,2511.095,2558.655,2510.1907500000025,241962,219500.15
2024-09-13,2558.38,2586.16,2556.795,2578.715,2513.7195000000024,251812,220898.85
2024-09-16,2578.79,2589.715,2575.245,2582.665,2517.6385000000023,179045,218837.9
2024-09-17,2582.66,2587.02,2560.78,2569.59,2520.412500000002,202235,217485.75
2024-09-18,2570.325,2600.29,2546.86,2559.3,2522.765000000002,270952,220378.95
2024-09-19,2559.235,2594.945,2551.16,2586.91,2527.8745000000026,296927,224101.35
2024-09-20,2586.52,2625.79,2584.875,2622.235,2533.3617500000023,272796,226236.25
2024-09-23,2621.365,2634.905,2613.89,2628.63,2538.8955000000024,226647,227661.75
2024-09-24,2627.79,2664.38,2622.68,2657.26,2545.5172500000026,280786,231632.1
2024-09-25,2658.69,2670.605,2649.7,2656.995,2553.1335000000026,250522,233880.6
2024-09-26,2657.74,2685.64,2654.84,2672.435,2560.6945000000023,280327,236906.2
2024-09-27,2672.235,2674.375,2643.155,2658.55,2568.4520000000025,297822,240642.45
2024-09-30,2661.815,2666.05,2624.78,2634.69,2575.2155000000025,295187,249006
2024-10-01,2633.53,2673.26,2633.31,2663.61,2583.7485000000024,243087,249104.1
2024-10-02,2661.92,2663.445,2641.18,2658.75,2591.9087500000023,252533,251264.05
2024-10-03,2658.77,2663.015,2637.015,2656.11,2598.8735000000024,381668,259471.8
2024-10-04,2655.95,2670.24,2632.015,2653.84,2606.687250000002,474423,269952.5
2024-10-07,2651.39,2659.66,2637.77,2642.585,2613.4967500000025,461688,281922.15
2024-10-08,2642.085,2653.115,2604.82,2621.965,2618.7582500000026,599675,301525.8
2024-10-09,2622.11,2624.375,2605.21,2607.735,2623.561250000003,460186,311014
2024-10-10,2607.735,2631.565,2604.39,2629.92,2627.1245000000026,479519,322891.85
2024-10-11,2628.62,2661.475,2628.18,2657.18,2631.0477500000025,381985,329400.5
2024-10-14,2648.805,2666.875,2643.245,2648.785,2634.353750000003,353209,338108.7
2024-10-15,2649.215,2668.965,2638.105,2662.695,2639.0090000000027,477257,351859.8
2024-10-16,2662.285,2685.465,2658.8,2673.93,2644.7405000000026,442655,360444.95
2024-10-17,2674.605,2696.8,2673.165,2693.01,2650.045500000003,475273,369362.25
2024-10-18,2693.045,2722.65,2692.395,2721.9,2655.028750000003,465216,378983.25
2024-10-21,2723.09,2740.6,2714.235,2719.675,2659.5810000000033,528355,394068.65
2024-10-22,2719.36,2748.975,2719.16,2748.96,2664.1660000000034,443984,402228.55
2024-10-23,2747.33,2758.525,2708.755,2715.59,2667.095750000003,512450,415324.95
2024-10-24,2716.415,2743.325,2716.215,2736.08,2670.278000000003,447229,423670.05
2024-10-25,2735.95,2747.835,2717.1,2747.215,2674.711250000003,394346,428496.25
2024-10-28,2734.065,2746.01,2724.755,2742.325,2680.093000000003,374072,432440.5
2024-10-29,2741.45,2774.885,2739.87,2774.58,2685.641500000003,435600,442066.15
2024-10-30,2773.51,2790.07,2770.925,2787.475,2692.077750000003,407373,449808.15
2024-10-31,2786.87,2790.17,2731.635,2743.95,2696.469750000003,447697,453109.6
2024-11-01,2745.37,2762.275,2733.255,2736.45,2700.600250000003,439514,451364.15
2024-11-04,2732.04,2748.24,2731.77,2736.605,2705.301250000003,398027,448181.1
2024-11-05,2737.365,2750.09,2724.765,2743.91,2711.3985000000034,357215,436058.1
2024-11-06,2743.065,2749.78,2652.405,2659.175,2713.9705000000035,789740,452535.8
2024-11-07,2662.255,2710.52,2643.355,2706.84,2717.816500000003,532666,455193.15
2024-11-08,2704.26,2710.43,2680.415,2684.455,2719.180250000003,483390,460263.4
2024-11-11,2683.71,2686.165,2610.695,2619.595,2717.720750000003,455754,465390.65
2024-11-12,2621.07,2627.235,2589.725,2598.29,2714.500500000003,486364,465846
2024-11-13,2597.96,2618.92,2572.7,2572.83,2709.445500000003,494637,468445.1
2024-11-14,2573.84,2581.445,2536.855,2564.72,2703.0310000000027,543930,471877.95
2024-11-15,2566.485,2576.045,2554.395,2563.22,2695.097000000003,490288,473131.55
2024-11-18,2567.13,2615.145,2567.13,2612.04,2689.715250000003,432930,468360.3
2024-11-19,2610.755,2639.53,2610.465,2632.2,2683.877250000003,464478,469385
2024-11-20,2632.535,2655.485,2618.89,2650.46,2680.620750000003,412551,464390.05
2024-11-21,2649.925,2673.595,2648.975,2669.645,2677.2990000000036,392219,461639.55
2024-11-22,2669.5,2716.4,2668.2,2716.335,2675.7550000000037,498195,466832
2024-11-25,2711.165,2721.42,2615.67,2625.62,2669.9197500000037,557833,476020.05
2024-11-26,2627.485,2642.02,2605.31,2632.955,2662.838500000004,448212,476650.65
2024-11-27,2631.21,2658.275,2627.125,2636.09,2655.2692500000035,346215,473592.75
2024-11-28,2637.98,2649.735,2620.99,2637.6,2649.951750000004,245097,463462.75
2024-11-29,2639.285,2666.35,2634.09,2650.35,2645.646750000004,374632,460218.65
2024-12-02,2648.94,2651.905,2621.98,2638.955,2640.764250000004,480068,464320.7
2024-12-03,2638.96,2655.665,2634.165,2643.885,2635.7630000000036,387389,465829.4
2024-12-04,2642.66,2657.235,2632.465,2650.22,2635.315250000004,334814,443083.1
2024-12-05,2649.36,2655.635,2623.615,2631.925,2631.569500000004,288813,430890.45
2024-12-06,2631.985,2645.73,2613.11,2633.33,2629.0132500000036,374739,425457.9
2024-12-09,2643.08,2676.48,2627.575,2660.325,2631.0497500000038,366991,421019.75
2024-12-10,2661.1,2695.595,2658.035,2693.875,2635.8290000000034,336816,413542.35
2024-12-11,2695.145,2721.27,2675.465,2718.245,2643.0997500000035,309643,404292.65
2024-12-12,2717.81,2726.295,2675.165,2680.825,2648.9050000000034,242727,389232.5
2024-12-13,2680.705,2692.865,2646.22,2648.68,2653.178000000004,376400,383538.1
2024-12-16,2648.86,2664.475,2643.595,2652.75,2655.2135000000035,311160,377449.6
2024-12-17,2652.26,2658.74,2633.16,2646.6,2655.9335000000037,339086,371180
2024-12-18,2646.88,2651.785,2583.915,2585.61,2652.6910000000034,409156,371010.25
2024-12-19,2587.54,2626.44,2586.46,2594.55,2648.9362500000034,435472,373172.9
2024-12-20,2594.18,2631.92,2589.665,2623.61,2644.3000000000034,349070,365716.65
2024-12-23,2622.21,2633.39,2608.26,2612.755,2643.6567500000033,254740,350562
2024-12-24,2614.795,2621.535,2610.105,2616.875,2642.852750000003,193966,337849.7
2024-12-26,2615.31,2639.175,2615.145,2633.865,2642.7415000000033,205690,330823.45
2024-12-27,2633.3,2638.3,2611.715,2622.035,2641.9632500000034,243546,330745.9
2024-12-30,2622.075,2628.095,2596.185,2605.825,2639.7370000000037,240719,324050.25
2024-12-31,2606.065,2627.625,2602.76,2624.26,2639.002250000003,217489,310921.3
2025-01-02,2625.07,2660.605,2621.775,2658.23,2639.719500000004,368196,309961.65
2025-01-03,2657.82,2665.405,2636.705,2639.725,2639.1947500000033,306090,308525.45
2025-01-06,2639.88,2649.52,2614.635,2636.105,2639.4037500000036,379023,313035.95
2025-01-07,2635.965,2664.33,2633,2648.625,2640.168500000004,362076,312402.8
2025-01-08,2648.655,2670.15,2645.37,2661.655,2640.2350000000033,365878,312347.15
2025-01-09,2662.24,2678.405,2655.635,2670.34,2639.058250000003,252111,308111.9
2025-01-10,2670.45,2697.95,2664.075,2689.375,2637.6147500000034,399884,312623.95
2025-01-13,2689.32,2693.555,2656.835,2663.21,2636.734000000003,462733,323624.25
2025-01-14,2664.465,2678.395,2659.89,2677.51,2638.175500000004,402726,324940.55
2025-01-15,2676.94,2697.42,2669.365,2696.265,2640.3512500000033,391665,328965.8
2025-01-16,2696.16,2724.785,2690.05,2714.87,2643.7647500000035,437327,333877.85
2025-01-17,2714.215,2717.43,2699.3,2703.15,2649.6417500000034,367955,331817.8
2025-01-20,2703.135,2713.885,2689.375,2707.905,2655.3095000000035,347547,327421.55
2025-01-21,2708.015,2746.055,2702.815,2744.865,2661.3722500000035,469819,333459
2025-01-22,2744.55,2763.435,2741.965,2756.345,2668.5517500000033,375216,339482.8
2025-01-23,2755.74,2758.97,2735.96,2754.855,2675.450750000003,392044,349386.7
2025-01-24,2753.815,2786.06,2753.64,2770.885,2682.3017500000033,388861,358545.25
2025-01-27,2765.17,2772.745,2730.56,2740.655,2688.2327500000038,428593,367797.6
2025-01-28,2740.88,2765.09,2734.815,2763.42,2696.1125000000034,280528,369788.05
2025-01-29,2763.305,2766.265,2744.755,2760.09,2702.904000000003,345401,376183.65
2025-01-30,2758.43,2798.605,2758.39,2794.165,2709.700750000003,397704,377659.05
2025-01-31,2794.425,2817.215,2791.07,2797.94,2717.6115000000036,431361,383922.6
2025-02-03,2801.655,2830.755,2772.215,2814.71,2726.541750000003,547301,392336.5
2025-02-04,2813.3,2845.47,2807.275,2842.29,2736.225000000003,461656,397315.5
2025-02-05,2841.36,2882.31,2839.74,2867.215,2746.5030000000033,424896,400266.4
2025-02-06,2867.785,2873.34,2834.27,2855.925,2755.7822500000034,437120,409516.85
2025-02-07,2856.015,2886.855,2852.595,2861.25,2764.3760000000034,453343,412189.8
2025-02-10,2861.84,2911.965,2860.405,2908.175,2776.6242500000035,401791,409142.7
2025-02-11,2911.95,2942.78,2881.56,2897.615,2787.6295000000036,555190,416765.9
2025-02-12,2898.025,2909.265,2864.33,2903.96,2798.0142500000034,442740,419319.65
2025-02-13,2904.79,2929.48,2900.545,2928.33,2808.687250000003,353614,415134
2025-02-14,2928.05,2939.98,2877.025,2882.482,2817.6538500000033,464231,419947.8
2025-02-17,2893.375,2906.525,2878.785,2898.49,2827.183100000003,259385,415539.7
2025-02-18,2898.71,2936.955,2892.07,2935.465,2836.7131000000036,271936,405645.55
2025-02-19,2935.06,2947.08,2918.64,2933.26,2845.5588500000035,315664,402667.95
2025-02-20,2934.175,2954.955,2924.035,2939.385,2854.7853500000037,310009,398566.2
2025-02-21,2939.43,2949.93,2916.82,2936.26,2863.054100000004,325673,395406.8
2025-02-24,2939.785,2956.31,2921.475,2952.065,2873.6246000000037,331108,390532.55
2025-02-25,2952.84,2953.425,2888.18,2915.045,2881.2058500000035,411168,397064.55
2025-02-26,2915.835,2930.18,2890.865,2916.275,2889.0151000000033,280951,393842.05
2025-02-27,2915.98,2920.815,2867.795,2877.195,2893.1666000000037,403773,394145.5
2025-02-28,2876.52,2885.24,2832.72,2858.14,2896.1766000000034,382122,391683.55
2025-03-03,2873.14,2895.21,2859,2892.985,2900.090350000003,321052,380371.1
2025-03-04,2892.7,2927.91,2881.98,2917.85,2903.8683500000034,367828,375679.7
2025-03-05,2917.885,2929.98,2894.35,2919.265,2906.470850000004,441547,376512.25
2025-03-06,2918.685,2926.72,2891.15,2911.1,2909.2296000000033,386672,373989.85
2025-03-07,2912.935,2930.54,2896.91,2909.55,2911.6446000000037,417409,372193.15
2025-03-10,2912.41,2918.385,2880.31,2889.5,2910.710850000004,396075,371907.35
2025-03-11,2889.865,2922.225,2880.25,2915.695,2911.6148500000036,291853,358740.5
2025-03-12,2915.36,2940.69,2906.11,2933.61,2913.0973500000036,337358,353471.4
2025-03-13,2934.88,2989.3,2932.98,2988.695,2916.1156000000037,345954,353088.4
2025-03-14,2984.23,3005.04,2978.505,2984.91,2921.2370000000037,363349,348044.3
2025-03-17,2988.225,3001.975,2982.34,3001.13,2926.369000000004,270159,348583
2025-03-18,3001.16,3038.35,2999.46,3034.115,2931.301500000004,332214,351596.9
2025-03-19,3033.97,3051.97,3022.885,3047.14,2936.9955000000036,298178,350722.6
2025-03-20,3048.72,3057.59,3025.73,3044.66,2942.2592500000037,316888,351066.55
2025-03-21,3045.005,3047.55,2999.465,3023.985,2946.6455000000037,309391,350252.45
2025-03-24,3023.165,3033.34,3002.495,3012.15,2949.6497500000037,331307,350262.4
2025-03-25,3011.705,3036.07,3007.54,3020.09,2954.902000000004,263110,342859.5
2025-03-26,3021.175,3032.165,3012.33,3019.495,2960.063000000004,255599,341591.9
2025-03-27,3020.345,3059.755,3017.655,3056.605,2969.033500000004,342726,338539.55
2025-03-28,3056.07,3086.965,3054.235,3085.345,2980.393750000004,353799,337123.4
2025-03-31,3093.01,3128.135,3076.805,3123.72,2991.9305000000045,392512,340696.4
2025-04-01,3124.935,3149.09,3100.87,3114.475,3001.761750000004,413028,342956.4
2025-04-02,3114.095,3145.34,3104.79,3134.305,3012.5137500000046,372572,339507.65
2025-04-03,3131.44,3167.835,3054.19,3114.575,3022.6875000000045,693810,354864.55
2025-04-04,3114.52,3136.775,3015.65,3037.885,3029.104250000005,657949,366891.55
2025-04-07,3030.77,3057.305,2956.565,2981.94,3033.7262500000047,811116,387643.6
2025-04-08,2982.095,3022.76,2974.795,2982.25,3037.0540000000046,553303,400716.1
2025-04-09,2982.735,3099.77,2969.97,3082.95,3044.5210000000047,820998,424898.1
2025-04-10,3080.48,3176.6,3071.505,3175.365,3053.8545000000045,629326,439066.7
2025-04-11,3179.765,3245.485,3177.26,3237.93,3066.5055000000048,700007,455899.6
2025-04-14,3222.955,3245.845,3193.63,3210.68,3076.9830000000047,498319,467307.6
2025-04-15,3212.565,3233.705,3210.065,3229.795,3086.767000000005,299087,465651.25
2025-04-16,3230.675,3343.2,3230.675,3343.1,3101.565000000005,509411,476212.9
2025-04-17,3348.59,3357.775,3283.955,3327.375,3115.7007500000045,512722,486004.6
2025-04-21,3332.26,3430.61,3331.405,3424.235,3135.713250000005,494840,495277.05
2025-04-22,3427.86,3500.2,3366.905,3381.16,3154.1637500000047,744909,515957.15
2025-04-23,3324.79,3386.77,3260.19,3288.24,3167.571250000005,768828,541243.05
2025-04-24,3306.065,3367.685,3305.375,3348.99,3184.046000000005,566926,556809.4
2025-04-25,3348.99,3370.475,3265.135,3319.345,3197.183000000005,591947,569270.45
2025-04-28,3326.365,3353.2,3268.11,3343.875,3210.109500000005,542746,578717.8
2025-04-29,3345.47,3345.505,3299.675,3317.15,3219.781000000005,460464,582115.4
2025-04-30,3317.76,3328.155,3266.91,3288.155,3228.465000000005,546379,588782.95
2025-05-01,3285.63,3288.16,3201.955,3238.295,3233.6645000000053,528387,596573.7
2025-05-02,3239.43,3269.3,3222.755,3240.95,3239.9832500000052,521602,587963.3
2025-05-05,3238.295,3337.67,3237.79,3334.195,3254.798750000005,428084,576470.05
2025-05-06,3333.575,3435.055,3322.755,3431.14,3277.2587500000054,547512,563289.85
2025-05-07,3416.915,3422.135,3360.2,3364.355,3296.364000000005,589154,565082.4
2025-05-08,3372.725,3414.79,3288.805,3305.98,3307.515500000005,579170,552991
2025-05-09,3310.125,3347.625,3274.81,3325.39,3315.016750000005,482638,545656.6
2025-05-12,3325.39,3325.39,3207.79,3235.075,3314.874000000005,715974,546454.95
2025-05-13,3237.93,3265.785,3215.855,3250.18,3316.8490000000047,470633,545070.65
2025-05-14,3252,3257.14,3168.065,3177.585,3314.2385000000045,570772,558654.9
2025-05-15,3181.06,3240.725,3120.765,3239.97,3309.082000000005,529659,559667.3
2025-05-16,3241.785,3252.255,3154.3,3204.45,3302.935750000005,519674,560014.9
2025-05-19,3215.99,3249.85,3206.725,3230.4,3293.2440000000047,491609,559853.35
2025-05-20,3228.025,3295.79,3204.67,3289.845,3288.6782500000045,467220,545968.9
2025-05-21,3292.7,3324.935,3285.34,3315.245,3290.028500000005,535983,534326.65
2025-05-22,3319.9,3345.47,3279.235,3295.01,3287.3295000000044,600259,535993.3
2025-05-23,3297.82,3366.015,3287.075,3358.125,3289.268500000004,574178,535104.85
2025-05-26,3351.4,3356.995,3323.5,3342.475,3289.1985000000045,278360,521885.55
2025-05-27,3346.38,3350.095,3285.25,3300.75,3288.378500000005,443446,521034.65
2025-05-28,3304.215,3325.695,3276.355,3288.725,3288.4070000000042,407210,514076.2
2025-05-29,3289.59,3331.47,3245.56,3317.615,3292.373000000004,529716,514142.65
2025-05-30,3317.9,3322.925,3271.46,3289.7,3294.810500000004,438039,509964.5
2025-06-02,3303.415,3382.96,3299.955,3381.87,3297.194250000004,462340,511677.3
2025-06-03,3384.61,3392.305,3333.17,3353.385,3293.3065000000047,431505,505876.95
2025-06-04,3356.735,3384.76,3343.815,3372.45,3293.711250000004,421951,497516.8
2025-06-05,3374.615,3403.625,3339.35,3352.73,3296.048750000004,566563,496886.45
2025-06-06,3356.29,3375.705,3307.195,3309.98,3295.2782500000044,526451,499077.1
2025-06-09,3317.785,3338.295,3293.5,3325.675,3299.808250000004,399721,483264.45
2025-06-10,3324.31,3349.28,3302.015,3322.61,3303.4297500000043,452378,482351.7
2025-06-11,3322.375,3360.79,3315.59,3355.25,3312.313000000004,452171,476421.65
2025-06-12,3357.905,3399.05,3338.59,3386.58,3319.643500000004,533026,476590
2025-06-13,3383.865,3446.88,3379.535,3432.835,3331.0627500000037,571204,479166.5
2025-06-16,3440.48,3451.525,3382.54,3385.22,3338.803750000004,453858,477278.95
2025-06-17,3388.445,3403.43,3366.115,3388.455,3343.734250000004,447328,476284.35
2025-06-18,3395.865,3400.11,3362.605,3369.3,3346.437000000004,413190,470144.7
2025-06-19,3371.415,3388.175,3347.53,3370.38,3350.2055000000046,323934,456328.45
2025-06-20,3369.735,3374.63,3340.415,3368.75,3350.7367500000046,355105,445374.8
2025-06-23,3383.825,3393.64,3347.035,3369.2,3352.073000000004,491685,456041.05
2025-06-24,3358.435,3363.9,3295.315,3323.45,3353.2080000000037,520045,459871
2025-06-25,3322.825,3337.205,3312.055,3332.395,3355.3915000000043,314124,455216.7
2025-06-26,3334.315,3350.415,3309.99,3327.82,3355.9017500000045,406441,449052.95
2025-06-27,3325.33,3325.37,3255.85,3274.175,3355.125500000004,498242,452063.1
2025-06-30,3271.64,3309.645,3244.415,3303.15,3351.189500000005,349557,446423.95
2025-07-01,3303.3,3358.085,3302.395,3338.72,3350.4562500000043,417491,445723.25
2025-07-02,3340.125,3360.13,3327.655,3357.09,3349.6882500000042,398577,444554.55
2025-07-03,3359.515,3365.92,3311.625,3326.03,3348.3532500000047,374883,434970.55
2025-07-04,3324.24,3345.175,3323.66,3336.615,3349.685000000004,221059,419700.95
2025-07-07,3341.57,3342.075,3296.28,3336.44,3350.223250000004,455743,422502.05
2025-07-08,3340.5,3345.955,3287.11,3301.72,3349.178750000004,446381,422202.2
2025-07-09,3302.83,3316.99,3282.665,3313.7,3347.1012500000047,374949,418341.1
2025-07-10,3315.76,3330.36,3310.175,3324.015,3343.9730000000045,309292,407154.4
2025-07-11,3325.94,3368.86,3321.915,3355.665,3340.1145000000047,574691,407328.75
2025-07-14,3362.375,3375.085,3341.09,3343.755,3338.0412500000048,408389,405055.3
2025-07-15,3343.085,3366.425,3320.305,3325.005,3334.868750000005,346041,399990.95
2025-07-16,3326.32,3377.655,3319.695,3347.6,3333.7837500000046,501065,404384.7
2025-07-17,3350.96,3352.28,3309.79,3339.06,3332.217750000005,385401,407458.05
2025-07-18,3341.45,3361.33,3331.885,3350.095,3331.285000000005,315266,405466.1
2025-07-21,3348.84,3401.645,3344.905,3397.06,3332.678000000005,437644,402764.05
2025-07-22,3399.3,3433.51,3383.42,3431.56,3338.083500000005,439654,398744.5
2025-07-23,3430.92,3439.035,3381.42,3387.45,3340.836250000005,520926,409084.6
2025-07-24,3390.855,3393.48,3351.465,3368.71,3342.880750000005,446313,411078.2
2025-07-25,3369.45,3373.495,3325.115,3337.07,3346.0255000000047,327008,402516.5
2025-07-28,3329.475,3345.52,3301.765,3314.45,3346.5905000000043,356387,402858
2025-07-29,3313.84,3334.27,3308.16,3326.67,3345.988000000004,337913,398879.1
2025-07-30,3327.68,3334.09,3268.12,3275.29,3341.898000000004,421638,400032.15
2025-07-31,3277.29,3314.985,3276.285,3290.12,3340.1025000000045,386907,400633.35
2025-08-01,3291.675,3363.6,3281.745,3362.895,3341.4165000000044,390787,409119.75
2025-08-04,3364.795,3385.535,3345.005,3373.635,3343.276250000004,282190,400442.1
2025-08-05,3376.195,3390.6,3349.89,3380.96,3347.2382500000044,271336,391689.85
2025-08-06,3381.475,3385.365,3358.255,3369.27,3350.016750000004,283447,387114.75
2025-08-07,3372.44,3401.885,3365.305,3396.48,3353.6400000000044,656325,404466.4
2025-08-08,3400.365,3409.43,3376.575,3397.765,3355.745000000004,1314484,441456.05
2025-08-11,3399.75,3401.395,3341.155,3342.665,3355.6905000000042,588390,450456.1
2025-08-12,3344.04,3359.34,3331.17,3348.345,3356.857500000004,411909,453749.5
2025-08-13,3350.165,3370.825,3342.635,3355.695,3357.2622500000043,318958,444644.15
2025-08-14,3357.46,3374.805,3329.85,3335.585,3357.0885000000044,364944,443621.3
2025-08-15,3336.795,3348.915,3332.34,3335.7,3356.368750000004,227980,439257
2025-08-18,3335.23,3358.49,3323.685,3332.895,3353.1605000000045,275140,431131.8
2025-08-19,3333.695,3345.465,3315.005,3315.7,3347.367500000005,208028,419550.5
2025-08-20,3316.49,3350.275,3311.56,3348.485,3345.419250000005,246760,405842.2
2025-08-21,3351.2,3352.3,3325.28,3338.71,3343.919250000005,247192,395886.15
2025-08-22,3340.14,3378.835,3321.455,3371.23,3345.627250000005,304253,394748.4
2025-08-25,3368.725,3376.375,3359.78,3365.72,3348.1907500000043,152373,384547.7
2025-08-26,3366.605,3393.745,3351.33,3393.745,3351.544500000005,356620,385483.05
2025-08-27,3390.75,3398.79,3373.75,3397.72,3357.6660000000047,298600,379331.15
2025-08-28,3398.405,3423.18,3384.62,3417.06,3364.013000000005,383940,379182.8
2025-08-29,3417.035,3453.97,3404.315,3447.435,3368.2400000000043,486335,383960.2
2025-09-01,3445.43,3489.845,3437.025,3476.365,3373.376500000005,390865,389393.95
2025-09-02,3475.91,3540.06,3470.05,3533.545,3381.005750000005,707070,411180.65
2025-09-03,3532.72,3578.66,3526.54,3559.26,3390.5052500000047,608467,427431.65
2025-09-04,3560.26,3564.155,3511.755,3545.87,3397.974750000005,548957,422063.25
2025-09-05,3545.4,3600.205,3540.015,3586.545,3407.4137500000047,717777,392227.9
2025-09-08,3591.61,3646.545,3579.72,3635.85,3422.073000000005,605523,393084.55
2025-09-09,3636.15,3674.695,3626.03,3626.315,3435.9715000000047,653882,405183.2
2025-09-10,3627.45,3657.61,3620.135,3640.585,3450.216000000005,493414,413906
2025-09-11,3644.465,3649.345,3612.835,3634.12,3465.142750000005,485145,419916.05
2025-09-12,3635.9,3656.7,3630.625,3643.085,3480.5120000000047,411073,429070.7
2025-09-15,3644.565,3685.695,3626.46,3678.79,3497.8067500000047,490753,439851.35
2025-09-16,3680.135,3703.24,3674.705,3689.855,3516.514500000005,476961,453298
2025-09-17,3691.345,3707.555,3646.125,3659.975,3532.089000000005,619729,471946.45
2025-09-18,3659.625,3673.205,3627.96,3644.18,3547.362500000005,569752,488074.45
2025-09-19,3642.92,3685.74,3632.38,3684.975,3563.0497500000047,490300,497376.8
2025-09-22,3687.77,3748.86,3683.545,3746.355,3582.081500000005,504786,514997.45
2025-09-23,3747.125,3791.255,3736.66,3764.205,3600.604500000004,570300,525681.45
2025-09-24,3765.31,3779.34,3717.52,3736.165,3617.5267500000045,388341,530168.5
2025-09-25,3739.61,3761.69,3722.22,3749.44,3634.1457500000047,466427,534292.85
2025-09-26,3747.235,3783.885,3734.44,3759.855,3649.766750000005,407811,530366.65
2025-09-29,3764.745,3834.3,3763.45,3833.88,3667.6425000000045,555525,538599.65
2025-09-30,3832.57,3871.89,3793.175,3858.45,3683.8877500000044,538261,530159.2
2025-10-01,3860.08,3895.5,3853.38,3865.53,3699.2012500000046,508789,525175.3
2025-10-02,3864.41,3897.13,3819.425,3856.56,3714.735750000005,537737,524614.3
2025-10-03,3857.14,3891.76,3838.07,3886.455,3729.7312500000044,486579,513054.4
2025-10-06,3891.335,3970.2,3884.115,3960.69,3745.973250000005,631381,514347.3
2025-10-07,3960.62,3991.135,3941.055,3984.33,3763.874000000005,643666,513836.5
2025-10-08,3986.275,4059.35,3984.32,4041.9,3783.939750000005,613615,519846.55
2025-10-09,4036.775,4058.11,3944.435,3976.24,3801.045750000005,931973,542187.95
2025-10-10,3977.265,4023,3947.02,4016.68,3819.725500000005,957145,569491.55
2025-10-13,4017.625,4117.42,3998.15,4110.335,3841.3027500000003,727281,581317.95
2025-10-14,4112.47,4179.935,4090.145,4142.625,3863.9412500000008,920993,603519.55
2025-10-15,4140.755,4218.405,4140.735,4207.77,3891.3310000000006,689245,606995.35
2025-10-16,4212.565,4330.9,4199.965,4326.065,3925.4252500000002,780709,617543.2
2025-10-17,4338.03,4380.99,4185.91,4253.975,3953.87525,1434931,664774.75
2025-10-20,4267.075,4381.44,4219.115,4355.795,3984.3472500000003,986496,688860.25
2025-10-21,4366.33,4375.625,4080.58,4125.27,4002.4005000000006,1157908,718240.65
2025-10-22,4124.28,4161.535,4004.28,4099.4,4020.56225,1249835,761315.35
2025-10-23,4110.085,4137.745,4065.9,4112.005,4038.6905000000006,400341,758011.05